{"name":"898762d3-85d3-434d-877f-60ade33969bb","id":"/providers/Microsoft.Flow/flows/898762d3-85d3-434d-877f-60ade33969bb","type":"Microsoft.Flow/flows","properties":{"apiId":"/providers/Microsoft.PowerApps/apis/shared_logicflows","displayName":"PBI_Scanner_Refresh","definition":{"metadata":{"workflowEntityId":null,"processAdvisorMetadata":null,"flowclientsuspensionreason":"AllActionsFailingDetected","flowclientsuspensiontime":"2022-02-01T16:19:56.1592667Z","creator":{"id":"36a29cb0-cad5-4d49-b9a9-9ccc74ee2820","type":"User","tenantId":"4510a959-aa93-4f35-a3f5-e2249f4d35f6"},"provisioningMethod":"FromDefinition","failureAlertSubscription":true,"clientLastModifiedTime":"2022-02-01T16:19:56.1592667Z"},"$schema":"https://schema.management.azure.com/providers/Microsoft.Logic/schemas/2016-06-01/workflowdefinition.json#","contentVersion":"1.0.0.0","parameters":{"$authentication":{"defaultValue":{},"type":"SecureObject"}},"triggers":{"Recurrence":{"recurrence":{"frequency":"Day","interval":1,"startTime":"2020-12-29T09:00:00.000Z"},"metadata":{"operationMetadataId":"6ae7df40-31d6-4b8b-8fb3-6cec300faa16"},"type":"Recurrence"}},"actions":{"HTTP_call_other_flow_with_all_Power_BI_API_logic":{"runAfter":{"Initialize_string_modifiedSince":["Succeeded"]},"metadata":{"operationMetadataId":"f4e27ba5-da69-4861-8725-98314c75e5e6"},"type":"Http","inputs":{"method":"GET","uri":"@{variables('URI-first-part')}@{variables('modifiedSince')}@{variables('URI-last-part')}"}},"Initialize_string_URI-first-part":{"runAfter":{},"metadata":{"operationMetadataId":"27453015-ab98-4bad-9987-d9f40441ab5f"},"type":"InitializeVariable","inputs":{"variables":[{"name":"URI-first-part","type":"string","value":"https://prod-02.westus.logic.azure.com/workflows/751837140da84fedb1cb476306f060be/triggers/manual/paths/invoke/modifiedSince/"}]}},"Initialize_string_modifiedSince":{"runAfter":{"Initialize_string_URI-last-part":["Succeeded"]},"metadata":{"operationMetadataId":"931acc3a-bd9c-4b05-addc-9a2d6074d5d1"},"type":"InitializeVariable","inputs":{"variables":[{"name":"modifiedSince","type":"string","value":"all"}]},"description":"\"all\" for everything, or \"2020-12-29T13:02:38.3525654Z\" for changes (max 30 days in past)"},"Initialize_string_URI-last-part":{"runAfter":{"Initialize_string_URI-first-part":["Succeeded"]},"metadata":{"operationMetadataId":"f9aa512c-755d-4d5c-98da-70e638ae840c"},"type":"InitializeVariable","inputs":{"variables":[{"name":"URI-last-part","type":"string","value":"?api-version=2016-06-01&sp=%2Ftriggers%2Fmanual%2Frun&sv=1.0&sig=QkT3vE9pcr1B_5EWtbcBZUXlaIxMm8q0pVwekP_b5OM"}]}}}},"connectionReferences":{},"flowFailureAlertSubscribed":false}}