{"name":"486f1bb3-d581-49e7-ab18-9c0992192fb2","id":"/providers/Microsoft.Flow/flows/486f1bb3-d581-49e7-ab18-9c0992192fb2","type":"Microsoft.Flow/flows","properties":{"apiId":"/providers/Microsoft.PowerApps/apis/shared_logicflows","displayName":"Power BI Scanner v2","definition":{"metadata":{"workflowEntityId":null,"processAdvisorMetadata":null,"flowclientsuspensionreason":"None","flowclientsuspensiontime":null,"creator":{"id":"36a29cb0-cad5-4d49-b9a9-9ccc74ee2820","type":"User","tenantId":"4510a959-aa93-4f35-a3f5-e2249f4d35f6"},"provisioningMethod":"FromDefinition","failureAlertSubscription":true,"clientLastModifiedTime":"2022-02-01T16:17:58.2451086Z"},"$schema":"https://schema.management.azure.com/providers/Microsoft.Logic/schemas/2016-06-01/workflowdefinition.json#","contentVersion":"1.0.0.0","parameters":{"$connections":{"defaultValue":{},"type":"Object"},"$authentication":{"defaultValue":{},"type":"SecureObject"},"lmodified":{"defaultValue":"2021-11-01T10:00:08.317","type":"String","metadata":{"schemaName":"new_lmodified"}}},"triggers":{"manual":{"metadata":{"operationMetadataId":"ee93ef80-13b2-4e09-a1b5-ca5e25f78e2f"},"type":"Request","kind":"Http","inputs":{"schema":{},"method":"GET","relativePath":"/modifiedSince/{modifiedSince}"}}},"actions":{"Step_1:_Get_(modified)_workspace_ID's":{"actions":{"Call_modified_endpoint":{"runAfter":{},"metadata":{"operationMetadataId":"6b554bea-3f90-4870-bec0-b8246f448c16"},"type":"Http","inputs":{"method":"GET","uri":"https://api.powerbi.com/v1.0/myorg/admin/workspaces/modified@{variables('modifiedSince')}&excludePersonalWorkspaces=True","authentication":{"type":"ActiveDirectoryOAuth","tenant":"@variables('tenant')","audience":"https://analysis.windows.net/powerbi/api","clientId":"@variables('clientId')","secret":"@variables('clientSecret')"}}},"Parse_JSON_when_succesful":{"runAfter":{"Call_modified_endpoint":["Succeeded"]},"metadata":{"operationMetadataId":"0b0e71ac-4f76-4c33-996c-be21dd3477ce"},"type":"ParseJson","inputs":{"content":"@body('Call_modified_endpoint')","schema":{"type":"array","properties":{"body":{"type":"array","items":{"type":"object","properties":{"Id":{"type":"string"}},"required":["id"]}}}}}},"Error_date_format":{"runAfter":{"Call_modified_endpoint":["Failed"]},"metadata":{"operationMetadataId":"51e9964c-48dc-4579-b46e-8acd21474c1b"},"type":"ParseJson","inputs":{"content":"@body('Call_modified_endpoint')","schema":{"type":"object","properties":{"error":{"type":"object","properties":{"code":{"type":"string"},"message":{"type":"string"},"details":{"type":"array","items":{"type":"object","properties":{"message":{"type":"string"},"target":{"type":"string"}},"required":["message","target"]}}}}}}}},"Terminate_due_to_data_formatting_issue_or_more_than_30_days_in_past":{"runAfter":{"Throw_error_400_due_to_data_formatting_issue_or_more_than_30_days_in_past":["Succeeded"]},"metadata":{"operationMetadataId":"d1ab17c0-21e3-4400-be92-5516bdb4f27d"},"type":"Terminate","inputs":{"runStatus":"Failed","runError":{"code":"400","message":"Failed due to data formatting issue or >30 days in past"}}},"Throw_error_400_due_to_data_formatting_issue_or_more_than_30_days_in_past":{"runAfter":{"Error_date_format":["Succeeded"]},"metadata":{"operationMetadataId":"85888480-3272-42f7-bcab-83e4f7f1036a"},"type":"Response","kind":"Http","inputs":{"statusCode":400,"body":"@body('Error_date_format')"}}},"runAfter":{"Check_if_modifiedSince_has_been_supplied":["Succeeded"]},"metadata":{"operationMetadataId":"2927b1a7-dfbf-4c91-9f38-9f54d6295ebf"},"type":"Scope"},"Step_2:_Request_workspace_details_in_batches_of_100":{"actions":{"Condition":{"actions":{"Determine_amount_of_batches_of_100_and_write_to_variable_batchCount":{"runAfter":{},"metadata":{"operationMetadataId":"bd336ac4-7945-4e3c-9d5c-e4bde45ae88d"},"type":"SetVariable","inputs":{"name":"batchCount","value":"@add(int(first(split(string(div(length(body('Parse_JSON_when_succesful')), 100)),'.'))),1) "}},"Do_until_requestCount_equals_batchCount":{"actions":{"Set_variable_workspaceArray_with_100_workspace_Id's":{"runAfter":{},"metadata":{"operationMetadataId":"837e125f-02f8-458c-a4f4-cf16800a4a33"},"type":"SetVariable","inputs":{"name":"workspaceArray","value":"@take(skip(body('Parse_JSON_when_succesful'), variables('workspaceCount')), 100)"}},"Increment_variable_RequestCount_+1":{"runAfter":{"Call_getInfo_endpoint":["Succeeded"]},"metadata":{"operationMetadataId":"98cd70be-eea0-4089-9b74-ef6ea61fe0b3"},"type":"IncrementVariable","inputs":{"name":"requestCount","value":1}},"Append_dynamic_workspace_List_to_string_variable_workspaceArrayAsAsString":{"runAfter":{"Set_first_part_of_variable_workspaceArrayAsString":["Succeeded"]},"metadata":{"operationMetadataId":"137032fb-2500-4aa3-a31b-2edc688d315d"},"type":"AppendToStringVariable","inputs":{"name":"workspaceArrayAsString","value":"@replace(replace(string(variables('workspaceArray')),'{\"id\":', ''), '}', '')"}},"Increment_variable_workspaceCount_+_100":{"runAfter":{"Increment_variable_RequestCount_+1":["Succeeded"]},"metadata":{"operationMetadataId":"afcbea54-94d4-4914-9255-250d58692cc1"},"type":"IncrementVariable","inputs":{"name":"workspaceCount","value":100}},"Set_first_part_of_variable_workspaceArrayAsString":{"runAfter":{"Set_variable_workspaceArray_with_100_workspace_Id's":["Succeeded"]},"metadata":{"operationMetadataId":"1590fca7-0c2c-43f5-8c0c-f40a22b8032a"},"type":"SetVariable","inputs":{"name":"workspaceArrayAsString","value":"{\"workspaces\":  "}},"Call_getInfo_endpoint":{"runAfter":{"Append_third_part_to_string_variable_workspaceArrayAsAsString":["Succeeded"]},"metadata":{"operationMetadataId":"19200c31-87bc-4d53-b71a-cb2e3b9742f7"},"type":"Http","inputs":{"method":"POST","uri":"https://api.powerbi.com/v1.0/myorg/admin/workspaces/getInfo?lineage=True&datasourceDetails=True&datasetSchema=true&datasetExpressions=true&getArtifactUsers=true","headers":{"Content-Type":"application/json"},"body":"@variables('workspaceArrayAsString')","authentication":{"type":"ActiveDirectoryOAuth","tenant":"@variables('tenant')","audience":"https://analysis.windows.net/powerbi/api","clientId":"@variables('clientId')","secret":"@variables('clientSecret')"}}},"Append_getInfo_status_response_to_array_variable_requestStatus":{"runAfter":{"Increment_variable_workspaceCount_+_100":["Succeeded"]},"metadata":{"operationMetadataId":"822f59b0-91c2-4acb-8db8-66ce5e7ff15e"},"type":"AppendToArrayVariable","inputs":{"name":"requestStatusArray","value":"@body('Call_getInfo_endpoint')"}},"Append_third_part_to_string_variable_workspaceArrayAsAsString":{"runAfter":{"Append_dynamic_workspace_List_to_string_variable_workspaceArrayAsAsString":["Succeeded"]},"metadata":{"operationMetadataId":"88dd85ef-3b3a-4eda-87a0-650d0c9233c6"},"type":"AppendToStringVariable","inputs":{"name":"workspaceArrayAsString","value":"}"}}},"runAfter":{"Determine_amount_of_batches_of_100_and_write_to_variable_batchCount":["Succeeded"]},"expression":"@equals(variables('requestCount'), variables('batchCount'))","limit":{"count":999,"timeout":"PT1H"},"metadata":{"operationMetadataId":"028b172f-e78a-47ce-8129-6b63c6676a65"},"type":"Until"}},"runAfter":{},"else":{"actions":{"Response":{"runAfter":{},"metadata":{"operationMetadataId":"95751eef-94ce-4294-889d-72819680e87b"},"type":"Response","kind":"Http","inputs":{"statusCode":204,"body":{"ResponseText":"No modified workspaces since @{triggerOutputs()['relativePathParameters']['modifiedSince']}"}}},"Terminate_due_to_no_changed_workspaces":{"runAfter":{"Response":["Succeeded"]},"metadata":{"operationMetadataId":"81c27b92-1e2f-4907-ba82-2396a888c9c8"},"type":"Terminate","inputs":{"runStatus":"Succeeded"}}}},"expression":{"greater":["@length(body('Call_modified_endpoint'))",0]},"metadata":{"operationMetadataId":"ad5fe419-ef89-49e9-80ce-d73abd9ff1f2"},"type":"If"}},"runAfter":{"Step_1:_Get_(modified)_workspace_ID's":["Succeeded"]},"metadata":{"operationMetadataId":"44677bc5-a7ea-4dcb-b4e8-904e435e7e8e"},"type":"Scope"},"Step_3:_Retrieve_data":{"actions":{"Apply_to_each_batch_of_100_workspaces":{"foreach":"@variables('requestStatusArray')","actions":{"Compose_workspace_id_from_response":{"runAfter":{},"metadata":{"operationMetadataId":"22929a66-28ab-4df9-90f6-b96c573b093a"},"type":"Compose","inputs":"@items('Apply_to_each_batch_of_100_workspaces')?['Id']"},"Do_until_scan_result_is_ready_to_be_retreived":{"actions":{"Call_scanStatus_endpoint":{"runAfter":{},"metadata":{"operationMetadataId":"c5ed18ed-5d44-4a8a-abf9-b27da214f518"},"type":"Http","inputs":{"method":"GET","uri":"https://api.powerbi.com/v1.0/myorg/admin/workspaces/scanStatus/@{outputs('Compose_workspace_id_from_response')}","authentication":{"type":"ActiveDirectoryOAuth","tenant":"@variables('tenant')","audience":"https://analysis.windows.net/powerbi/api","clientId":"@variables('clientId')","secret":"@variables('clientSecret')"}}},"Set_variable_requestStatus":{"runAfter":{"Call_scanStatus_endpoint":["Succeeded"]},"metadata":{"operationMetadataId":"114fe066-1ca9-468f-9238-0a4f317c6161"},"type":"SetVariable","inputs":{"name":"requestStatus","value":"@{body('Call_scanStatus_endpoint')?['Status']}"}},"Delay_if_not_ready":{"actions":{"Delay_5_seconds":{"runAfter":{},"metadata":{"operationMetadataId":"cb15fc20-9f91-4769-857b-63d602862c3c"},"type":"Wait","inputs":{"interval":{"count":5,"unit":"Second"}}}},"runAfter":{"Set_variable_requestStatus":["Succeeded"]},"expression":{"not":{"equals":["@variables('requestStatus')","Succeeded"]}},"metadata":{"operationMetadataId":"1e4b0762-77cd-485e-8c17-599e4c6a796a"},"type":"If"}},"runAfter":{"Compose_workspace_id_from_response":["Succeeded"]},"expression":"@equals(variables('requestStatus'), 'Succeeded')","limit":{"count":60,"timeout":"PT1H"},"metadata":{"operationMetadataId":"ee111c04-22e7-4130-b784-29cc17c0d804"},"type":"Until"},"Call_scanResult_endpoint":{"runAfter":{"Do_until_scan_result_is_ready_to_be_retreived":["Succeeded"]},"metadata":{"operationMetadataId":"046ffbf2-fa81-420d-afd3-822eed50ff23"},"type":"Http","inputs":{"method":"GET","uri":"https://api.powerbi.com/v1.0/myorg/admin/workspaces/scanResult/@{outputs('Compose_workspace_id_from_response')}","authentication":{"type":"ActiveDirectoryOAuth","tenant":"@variables('tenant')","audience":"https://analysis.windows.net/powerbi/api","clientId":"@variables('clientId')","secret":"@variables('clientSecret')"}}},"Append_to_array_responseArray":{"runAfter":{"Call_scanResult_endpoint":["Succeeded"]},"metadata":{"operationMetadataId":"1f329f4f-0aa2-493a-8107-9307895ff90c"},"type":"AppendToArrayVariable","inputs":{"name":"responseArray","value":"@body('Call_scanResult_endpoint')"}},"Append_to_string_variable":{"runAfter":{"Append_to_array_responseArray":["Succeeded"]},"metadata":{"operationMetadataId":"27e94b0b-125c-40d2-ade8-4811a268d5e3"},"type":"AppendToStringVariable","inputs":{"name":"responseArrayASString","value":"@body('Call_scanResult_endpoint')"}}},"runAfter":{},"metadata":{"operationMetadataId":"372fb73c-14be-4c1c-a65e-0955f58e15a4"},"type":"Foreach"}},"runAfter":{"Step_2:_Request_workspace_details_in_batches_of_100":["Succeeded"]},"metadata":{"operationMetadataId":"838abe8c-345c-4353-a425-e50221b6d883"},"type":"Scope"},"Initialize_array_workspaceArrayAsString":{"runAfter":{"Initialize_integer_workspaceCount":["Succeeded"]},"metadata":{"operationMetadataId":"f7e2f246-7765-4faf-a6a2-2b60feeef40c"},"type":"InitializeVariable","inputs":{"variables":[{"name":"workspaceArrayAsString","type":"string"}]}},"Initialize_integer_batchCount_-_DO_NOT_EDIT":{"runAfter":{"Initialize_Folder_Location_Trigger_-_INSERT_HERE":["Succeeded"]},"metadata":{"operationMetadataId":"d5e067af-566b-4493-8a24-925ab79bf492"},"type":"InitializeVariable","inputs":{"variables":[{"name":"batchCount","type":"integer"}]}},"Initialize_integer_requestCount_-_DO_NOT_EDIT":{"runAfter":{"Initialize_integer_batchCount_-_DO_NOT_EDIT":["Succeeded"]},"metadata":{"operationMetadataId":"cc2b657d-e950-451c-9d2a-8132846ed3d0"},"type":"InitializeVariable","inputs":{"variables":[{"name":"requestCount","type":"integer","value":0}]}},"Initialize_array_requestStatusArray_-_DO_NOT_EDIT":{"runAfter":{"Initialize_array_workspaceArrayAsString":["Succeeded"]},"metadata":{"operationMetadataId":"f7e3dff1-ff6d-465d-ab9a-3c6da43ff9e6"},"type":"InitializeVariable","inputs":{"variables":[{"name":"requestStatusArray","type":"array"}]}},"Initialize_string_requestStatus_-_DO_NOT_EDIT":{"runAfter":{"Initialize_array_workspaceArray_-_DO_NOT_EDIT":["Succeeded"]},"metadata":{"operationMetadataId":"3ef37802-8b4e-456a-8879-5116e839ab05"},"type":"InitializeVariable","inputs":{"variables":[{"name":"requestStatus","type":"string"}]}},"Initialize_array_ResponseArray_-_DO_NOT_EDIT":{"runAfter":{"Initialize_string_requestStatus_-_DO_NOT_EDIT":["Succeeded"]},"metadata":{"operationMetadataId":"3bc7dc2f-63a3-4d7a-a9f4-08932c5974fc"},"type":"InitializeVariable","inputs":{"variables":[{"name":"responseArray","type":"array"}]}},"Check_if_modifiedSince_has_been_supplied":{"actions":{"Set_variable":{"runAfter":{},"metadata":{"operationMetadataId":"0dc5c8e3-bc90-438a-8a6b-a7a014fd289a"},"type":"SetVariable","inputs":{"name":"modifiedSince","value":"?excludePersonalWorkspaces=True"}}},"runAfter":{"Initialize_variable":["Succeeded"]},"else":{"actions":{"Set_variable_2":{"runAfter":{},"metadata":{"operationMetadataId":"9072fa56-e38e-4b8d-83d4-e8dbad969f30"},"type":"SetVariable","inputs":{"name":"modifiedSince","value":"?modifiedSince=@{triggerOutputs()['relativePathParameters']['modifiedSince']}&excludePersonalWorkspaces=True"}}}},"expression":{"equals":["@triggerOutputs()['relativePathParameters']['modifiedSince']","all"]},"metadata":{"operationMetadataId":"bbafdc38-cdf9-4cee-bbb4-695ae8aea559"},"type":"If"},"Initialize_string_modifiedSince_-_DO_NOT_EDIT":{"runAfter":{"Initialize_string_responseArraryAsString_-_DO_NOT_EDIT":["Succeeded"]},"metadata":{"operationMetadataId":"0d3b4d90-c7f0-4542-a8de-b50092526014"},"type":"InitializeVariable","inputs":{"variables":[{"name":"modifiedSince","type":"string"}]}},"Return_workspace_info":{"runAfter":{"WSAR":["Succeeded"]},"metadata":{"operationMetadataId":"3d67a0da-c6d9-4c6a-a3b1-cf45b508f7fb"},"type":"Response","kind":"Http","inputs":{"statusCode":200,"body":"@variables('responseArray')"}},"Initialize_string_clientId_-_INSERT_HERE":{"runAfter":{"Initialize_string_tenant_-_INSERT_HERE":["Succeeded"]},"metadata":{"operationMetadataId":"f1605b72-babb-4e61-96ed-55df338fa9ff"},"type":"InitializeVariable","inputs":{"variables":[{"name":"clientId","type":"string","value":""}]}},"Initialize_string_clientSecret_-_INSERT_HERE":{"runAfter":{"Initialize_string_clientId_-_INSERT_HERE":["Succeeded"]},"metadata":{"operationMetadataId":"c66c74fc-21af-4be0-b22a-78857493cfc0"},"type":"InitializeVariable","inputs":{"variables":[{"name":"clientSecret","type":"string","value":""}]}},"Initialize_string_tenant_-_INSERT_HERE":{"runAfter":{"Initialize_variable_-_DO_NOT_EDIT":["Succeeded"]},"metadata":{"operationMetadataId":"397c48a1-8091-4030-b15e-00642d66778c"},"type":"InitializeVariable","inputs":{"variables":[{"name":"tenant","type":"string","value":""}]}},"Create_file":{"runAfter":{"wsarrary":["Succeeded"]},"metadata":{"operationMetadataId":"d95b0910-5f46-4a13-868a-896fb31e4c94"},"type":"OpenApiConnection","inputs":{"host":{"apiId":"/providers/Microsoft.PowerApps/apis/shared_sharepointonline","connectionName":"shared_sharepointonline","operationId":"CreateFile"},"parameters":{"dataset":"@variables('varSharePointLibrary')","folderPath":"@variables('varFolderLocation')","name":"MetaData_@{outputs('DateNumberValue')}.json","body":"@replace(variables('responseArrayAsString'), '}]}{\"workspaces\":[{\"id\":','},{\"id\":')"},"authentication":"@parameters('$authentication')"},"runtimeConfiguration":{"contentTransfer":{"transferMode":"Chunked"}}},"Initialize_string_responseArraryAsString_-_DO_NOT_EDIT":{"runAfter":{"Initialize_array_ResponseArray_-_DO_NOT_EDIT":["Succeeded"]},"metadata":{"operationMetadataId":"68d91ad0-197d-4a19-996c-4bd082ff11b7"},"type":"InitializeVariable","inputs":{"variables":[{"name":"responseArrayASString","type":"string"}]}},"Current_time":{"runAfter":{},"metadata":{"operationMetadataId":"de62ce72-565c-4dfb-a2c6-dd7649e19379"},"type":"Expression","kind":"CurrentTime","inputs":{}},"DateNumberValue":{"runAfter":{"Current_time":["Succeeded"]},"metadata":{"operationMetadataId":"271e0c3b-0325-45d4-905a-865d32defd24"},"type":"Compose","inputs":"@formatDateTime(body('Current_time'),'yyyy-MM-dd-hhmmss')\r\n"},"FileName":{"runAfter":{"DateNumberValue":["Succeeded"]},"metadata":{"operationMetadataId":"1c4b9b91-6ce7-4a62-8e44-d0969bd1840a"},"type":"Compose","inputs":"@{outputs('DateNumberValue')}_MetaDataScan.json"},"Initialize_variable_-_DO_NOT_EDIT":{"runAfter":{"FileName":["Succeeded"]},"metadata":{"operationMetadataId":"0762622f-f920-4bbb-8d76-4cbec7cf08c9"},"type":"InitializeVariable","inputs":{"variables":[{"name":"varFileName","type":"string","value":"@{outputs('FileName')}"}]}},"responsearrary":{"runAfter":{"Step_3:_Retrieve_data":["Succeeded"]},"metadata":{"operationMetadataId":"5599700b-338e-49ca-9292-fa52c16443de"},"type":"Compose","inputs":"@replace(variables('responseArrayAsString'), '}]}{\"workspaces\":[{\"id\":','},{\"id\":')"},"requeststatusarrary":{"runAfter":{"responsearrary":["Succeeded"]},"metadata":{"operationMetadataId":"1c9075d4-ea85-48fe-ba63-711c7142a745"},"type":"Compose","inputs":"@variables('requestStatusArray')"},"RequestStatus":{"runAfter":{"Create_file_2":["Succeeded"]},"metadata":{"operationMetadataId":"d8c969ba-be2b-4d59-9943-c54abb762189"},"type":"OpenApiConnection","inputs":{"host":{"apiId":"/providers/Microsoft.PowerApps/apis/shared_sharepointonline","connectionName":"shared_sharepointonline","operationId":"CreateFile"},"parameters":{"dataset":"@variables('varSharePointLibrary')","folderPath":"@variables('varFolderLocation')","name":"RequestStatus_@{outputs('DateNumberValue')}.json","body":"@outputs('requeststatusarrary')"},"authentication":"@parameters('$authentication')"},"runtimeConfiguration":{"contentTransfer":{"transferMode":"Chunked"}}},"wsarrary":{"runAfter":{"requeststatusarrary":["Succeeded"]},"metadata":{"operationMetadataId":"880d0d4f-309f-413b-bdb2-2e2757ba7907"},"type":"Compose","inputs":"@variables('workspaceArray')"},"WSAR":{"runAfter":{"RequestStatus":["Succeeded"]},"metadata":{"operationMetadataId":"e70908a4-dc74-4391-af4e-42c592544f26"},"type":"OpenApiConnection","inputs":{"host":{"apiId":"/providers/Microsoft.PowerApps/apis/shared_sharepointonline","connectionName":"shared_sharepointonline","operationId":"CreateFile"},"parameters":{"dataset":"@variables('varSharePointLibrary')","folderPath":"@variables('varFolderLocation')","name":"WorkspaceArrary_@{outputs('DateNumberValue')}.json","body":"@outputs('wsarrary')"},"authentication":"@parameters('$authentication')"},"runtimeConfiguration":{"contentTransfer":{"transferMode":"Chunked"}}},"Current_time_2":{"runAfter":{"Return_workspace_info":["Succeeded"]},"metadata":{"operationMetadataId":"889ae8b3-1ef0-4cd1-97e6-ed0d3ece0aeb"},"type":"Expression","kind":"CurrentTime","inputs":{}},"Create_file_2":{"runAfter":{"Create_file":["Succeeded"]},"metadata":{"operationMetadataId":"6ef71913-d686-41ba-905b-91d9d62a36c3"},"type":"OpenApiConnection","inputs":{"host":{"apiId":"/providers/Microsoft.PowerApps/apis/shared_sharepointonline","connectionName":"shared_sharepointonline","operationId":"CreateFile"},"parameters":{"dataset":"@variables('varSharePointLibrary')","folderPath":"@variables('varFolderLocationTrigger')","name":"MetaDataNew_@{outputs('FileName')}.json","body":"@outputs('responsearrary')"},"authentication":"@parameters('$authentication')"}},"Initialize_array_workspaceArray_-_DO_NOT_EDIT":{"runAfter":{"Initialize_array_requestStatusArray_-_DO_NOT_EDIT":["Succeeded"]},"metadata":{"operationMetadataId":"d598ca52-9e1e-4aeb-af33-9ad5a3216e0b"},"type":"InitializeVariable","inputs":{"variables":[{"name":"workspaceArray","type":"array"}]}},"Initialize_SharePoint_Library_-_INSERT_HERE":{"runAfter":{"Initialize_string_clientSecret_-_INSERT_HERE":["Succeeded"]},"metadata":{"operationMetadataId":"0777d9ad-6411-4d04-bd14-2d208e969fe2"},"type":"InitializeVariable","inputs":{"variables":[{"name":"varSharePointLibrary","type":"string","value":""}]}},"Initialize_Folder_Location_-_INSERT_HERE":{"runAfter":{"Initialize_SharePoint_Library_-_INSERT_HERE":["Succeeded"]},"metadata":{"operationMetadataId":"dcd46103-1804-48f4-a976-438f0aee1361"},"type":"InitializeVariable","inputs":{"variables":[{"name":"varFolderLocation","type":"string","value":""}]}},"Initialize_Folder_Location_Trigger_-_INSERT_HERE":{"runAfter":{"Initialize_Folder_Location_-_INSERT_HERE":["Succeeded"]},"metadata":{"operationMetadataId":"9231ffa4-0175-4cec-b620-5a9e3a510a46"},"type":"InitializeVariable","inputs":{"variables":[{"name":"varFolderLocationTrigger","type":"string","value":""}]}},"Initialize_variable":{"runAfter":{"Initialize_string_modifiedSince_-_DO_NOT_EDIT":["Succeeded"]},"metadata":{"operationMetadataId":"02baa7b8-b20d-4562-8cf9-697de9f26a8d"},"type":"InitializeVariable","inputs":{"variables":[{"name":"mev","type":"string","value":"@parameters('lmodified')"}]}},"Initialize_integer_workspaceCount":{"runAfter":{"Initialize_integer_requestCount_-_DO_NOT_EDIT":["Succeeded"]},"metadata":{"operationMetadataId":"59eebb7c-8c02-4998-bfbe-e768a134cadb"},"type":"InitializeVariable","inputs":{"variables":[{"name":"workspaceCount","type":"integer","value":0}]}}},"description":"This flow uses the newly released Asynchronous Unified Scanning APIs in Power BI to consume all workspace related information quickly."},"connectionReferences":{"shared_sharepointonline":{"connectionName":"4f5ca4014902405da813ed7cec16d447","source":"Embedded","id":"/providers/Microsoft.PowerApps/apis/shared_sharepointonline","tier":"NotSpecified"}},"flowFailureAlertSubscribed":false}}