{"name":"898762d3-85d3-434d-877f-60ade33969bb","id":"/providers/Microsoft.Flow/flows/898762d3-85d3-434d-877f-60ade33969bb","type":"Microsoft.Flow/flows","properties":{"apiId":"/providers/Microsoft.PowerApps/apis/shared_logicflows","displayName":"PBI_Scanner_Refresh","definition":{"metadata":{"workflowEntityId":null,"processAdvisorMetadata":null,"flowclientsuspensionreason":"None","flowclientsuspensiontime":null,"creator":{"id":"36a29cb0-cad5-4d49-b9a9-9ccc74ee2820","type":"User","tenantId":"4510a959-aa93-4f35-a3f5-e2249f4d35f6"},"provisioningMethod":"FromDefinition","failureAlertSubscription":true,"clientLastModifiedTime":"2021-08-17T02:09:54.4886071Z"},"$schema":"https://schema.management.azure.com/providers/Microsoft.Logic/schemas/2016-06-01/workflowdefinition.json#","contentVersion":"1.0.0.0","parameters":{"$authentication":{"defaultValue":{},"type":"SecureObject"}},"triggers":{"Recurrence":{"recurrence":{"frequency":"Month","interval":1,"startTime":"2020-12-29T09:00:00.000Z"},"type":"Recurrence"}},"actions":{"HTTP_call_other_flow_with_all_Power_BI_API_logic":{"runAfter":{"Initialize_string_modifiedSince":["Succeeded"]},"type":"Http","inputs":{"method":"GET","uri":"@{variables('URI-first-part')}@{variables('modifiedSince')}@{variables('URI-last-part')}"}},"Initialize_string_URI-first-part":{"runAfter":{},"type":"InitializeVariable","inputs":{"variables":[{"name":"URI-first-part","type":"string"}]}},"Initialize_string_modifiedSince":{"runAfter":{"Initialize_string_URI-last-part":["Succeeded"]},"type":"InitializeVariable","inputs":{"variables":[{"name":"modifiedSince","type":"string","value":"all"}]},"description":"\"all\" for everything, or \"2020-12-29T13:02:38.3525654Z\" for changes (max 30 days in past)"},"Initialize_string_URI-last-part":{"runAfter":{"Initialize_string_URI-first-part":["Succeeded"]},"type":"InitializeVariable","inputs":{"variables":[{"name":"URI-last-part","type":"string"}]}}}},"connectionReferences":{},"flowFailureAlertSubscribed":false}}